website,email,last_scanned,domain,error,status
https://alpserhukuk.com/,info@alpserhukuk.com,2023-12-10 19:04:40,alpserhukuk.com,,
https://trustusconsultancy.com/,name@domain.com,2023-12-10 19:04:40,trustusconsultancy.com,,
https://derinhukuk.av.tr/,avfatihderin@derinhukuk.av.tr,2023-12-10 19:04:44,derinhukuk.av.tr,,
https://derinhukuk.av.tr/,av.fatihderin@gmail.com,2023-12-10 19:04:44,derinhukuk.av.tr,,
http://www.aclistanbul.com/,info@aclistanbul.com,2023-12-10 19:04:55,www.aclistanbul.com,,
http://www.aclistanbul.com/,office@beratung.com,2023-12-10 19:04:56,www.aclistanbul.com,,
https://www.fatihyasar.av.tr/,avukatfatihyasar@gmail.com,2023-12-10 19:04:57,www.fatihyasar.av.tr,,
https://www.idealtercume.com/,proje@idealtercume.com,2023-12-10 19:05:06,www.idealtercume.com,,
http://www.hanyaloglu-acar.av.tr/?utm_source=google&utm_medium=wix_google_business_profile&utm_campaign=1781301367057590300,info@hanyaloglu-acar.av.tr,2023-12-10 19:05:17,www.hanyaloglu-acar.av.tr,,
https://lexinlegal.com/,filler@godaddy.com,2023-12-10 19:05:25,lexinlegal.com,,
https://lexinlegal.com/,info@lexinlegal.com,2023-12-10 19:05:25,lexinlegal.com,,
https://birsenhukuk.com/,info@birsenhukuk.com,2023-12-10 19:05:34,birsenhukuk.com,,
https://birsenhukuk.com/,porto@consulting.com,2023-12-10 19:05:34,birsenhukuk.com,,
http://www.avrasyahukuk.com.tr/,avukat@avrasyahukuk.com.tr,2023-12-10 19:05:38,www.avrasyahukuk.com.tr,,
http://www.avrasyahukuk.com.tr/,info@avrasyahukuk.com.tr,2023-12-10 19:05:38,www.avrasyahukuk.com.tr,,
http://www.avrasyahukuk.com.tr/,bilgi@avrasyahukuk.com.tr,2023-12-10 19:05:38,www.avrasyahukuk.com.tr,,
http://www.marasli.av.tr/,simaymarasli@gmail.com,2023-12-10 19:05:45,www.marasli.av.tr,,
http://www.marasli.av.tr/,simaymarasli@gmail.com.tr,2023-12-10 19:05:45,www.marasli.av.tr,,
http://www.tumnoterler.com/noter/859-buyukcekmece-11-noterligi,info@tumnoterler.com,2023-12-10 19:05:48,www.tumnoterler.com,,
http://www.seshukukburosu.com/,info@seshukukburosu.com,2023-12-10 19:05:48,www.seshukukburosu.com,,
http://dachukuk.com/,info@dachukuk.com,2023-12-10 19:05:51,dachukuk.com,,
http://www.sarigulhukuk.com/,dogukansarigul@gmail.com,2023-12-10 19:05:57,www.sarigulhukuk.com,,
http://gokce.av.tr/en/,hr@gokce.av.tr,2023-12-10 19:06:34,gokce.av.tr,,
http://gokce.av.tr/en/,info@gokce.av.tr,2023-12-10 19:06:34,gokce.av.tr,,
https://www.zafarconsultancy.com/,info@zafarconsultancy.com,2023-12-10 19:06:49,www.zafarconsultancy.com,,
http://www.asfahukuk.com/,burakkarahan@asfahukuk.com,2023-12-10 19:06:54,www.asfahukuk.com,,
http://www.asfahukuk.com/,bakiboynukisa@asfahukuk.com,2023-12-10 19:06:54,www.asfahukuk.com,,
http://www.asfahukuk.com/,alikahya@asfahukuk.com,2023-12-10 19:06:54,www.asfahukuk.com,,
http://www.asfahukuk.com/,fatihosmani@asfahukuk.com,2023-12-10 19:06:54,www.asfahukuk.com,,
http://www.kilinclaw.com.tr/,levent.kilinc@kilinclaw.com.tr,2023-12-10 19:07:11,www.kilinclaw.com.tr,,
http://www.kilinclaw.com.tr/,duygu.dogan@kilinclaw.com.tr,2023-12-10 19:07:11,www.kilinclaw.com.tr,,
http://www.kilinclaw.com.tr/,seray.ozsoy@kilinclaw.com.tr,2023-12-10 19:07:11,www.kilinclaw.com.tr,,
http://www.kilinclaw.com.tr/,info@kilinclaw.com.tr,2023-12-10 19:07:11,www.kilinclaw.com.tr,,
http://www.kilinclaw.com.tr/,habip.tas@kilinclaw.com.tr,2023-12-10 19:07:11,www.kilinclaw.com.tr,,
https://www.kuantumpatent.com.tr/,avrupa@kuantumpatent.com.tr,2023-12-10 19:07:14,www.kuantumpatent.com.tr,,
https://www.kuantumpatent.com.tr/,izmir@kuantumpatent.com.tr,2023-12-10 19:07:14,www.kuantumpatent.com.tr,,
https://www.kuantumpatent.com.tr/,bursa@kuantumpatent.com.tr,2023-12-10 19:07:14,www.kuantumpatent.com.tr,,
https://www.kuantumpatent.com.tr/,merkez@kuantumpatent.com.tr,2023-12-10 19:07:14,www.kuantumpatent.com.tr,,
https://www.kuantumpatent.com.tr/,maras@kuantumpatent.com.tr,2023-12-10 19:07:14,www.kuantumpatent.com.tr,,
https://cosylifeconsulting.com/,email@hotmail.com,2023-12-10 19:07:21,cosylifeconsulting.com,,
https://cosylifeconsulting.com/,info@cosylifeconsulting.com,2023-12-10 19:07:21,cosylifeconsulting.com,,
http://www.secalegal.com/,eben@eyebytes.com,2023-12-10 19:07:34,www.secalegal.com,,
http://www.karatashukuk.net/,contact@sansoxygen.com,2023-12-10 19:08:04,www.karatashukuk.net,,
http://www.karatashukuk.net/,info@karatashukuk.net,2023-12-10 19:08:04,www.karatashukuk.net,,
http://www.verdi.av.tr/,dgunaydin@verdi.av.tr,2023-12-10 19:08:05,www.verdi.av.tr,,
http://www.verdi.av.tr/,info@verdi.av.tr,2023-12-10 19:08:05,www.verdi.av.tr,,
http://www.verdi.av.tr/,cverdi@verdi.av.tr,2023-12-10 19:08:05,www.verdi.av.tr,,
http://www.verdi.av.tr/,eozmarasali@verdi.av.tr,2023-12-10 19:08:05,www.verdi.av.tr,,
http://www.verdi.av.tr/,okoseoglu@verdi.av.tr,2023-12-10 19:08:05,www.verdi.av.tr,,
http://www.demirelhukukburosu.com/,saritanburak@gmail.com,2023-12-10 19:08:21,www.demirelhukukburosu.com,,
http://www.demirelhukukburosu.com/,info@demirelhukukburosu.com,2023-12-10 19:08:21,www.demirelhukukburosu.com,,
https://aristooffice.com/,aristooffice@gmail.com,2023-12-10 19:08:35,aristooffice.com,,
https://aristooffice.com/,bilgi@aristooffice.com,2023-12-10 19:08:35,aristooffice.com,,
http://www.pae-law.com/,info@pae-law.com,2023-12-10 19:08:35,www.pae-law.com,,
https://www.ersanhukuk.com/,info@ersanhukuk.com,2023-12-10 19:08:37,www.ersanhukuk.com,,
https://www.ersanhukuk.com/,bulten@ersanhukuk.com,2023-12-10 19:08:37,www.ersanhukuk.com,,
http://ilbarsdorukhanvarol.av.tr/,av.ilbarsvarol@gmail.com,2023-12-10 19:08:37,ilbarsdorukhanvarol.av.tr,,
http://ilbarsdorukhanvarol.av.tr/,info@ilbarsdorukhanvarol.av.tr,2023-12-10 19:08:37,ilbarsdorukhanvarol.av.tr,,
https://kucukokka.av.tr/,info@kucukokka.av.tr,2023-12-10 19:08:39,kucukokka.av.tr,,
http://www.beldeplanlama.com/,bilgi@beldeplanlama.com,2023-12-10 19:08:39,www.beldeplanlama.com,,
http://www.erdem-erdem.av.tr/,izmir@erdem-erdem.com,2023-12-10 19:08:41,www.erdem-erdem.av.tr,,
http://www.erdem-erdem.av.tr/,amsterdam@erdem-erdem.nl,2023-12-10 19:08:41,www.erdem-erdem.av.tr,,
http://www.erdem-erdem.av.tr/,istanbul@erdem-erdem.av.tr,2023-12-10 19:08:41,www.erdem-erdem.av.tr,,
http://www.libertalaw.com/,info@libertalaw.com,2023-12-10 19:08:50,www.libertalaw.com,,
http://www.libertalaw.com/,alperenmatur@libertalaw.com,2023-12-10 19:08:50,www.libertalaw.com,,
http://www.libertalaw.com/,busraodabasi@libertalaw.com,2023-12-10 19:08:50,www.libertalaw.com,,
http://www.libertalaw.com/,stajyer@libertalaw.com,2023-12-10 19:08:50,www.libertalaw.com,,
http://www.libertalaw.com/,iremkapar@erahukuk.com,2023-12-10 19:08:50,www.libertalaw.com,,
http://www.libertalaw.com/,kariyer@libertalaw.com,2023-12-10 19:08:50,www.libertalaw.com,,
http://www.libertalaw.com/,ozguroncul@libertalaw.com,2023-12-10 19:08:50,www.libertalaw.com,,
http://www.libertalaw.com/,izlemkarbuz@libertalaw.com,2023-12-10 19:08:50,www.libertalaw.com,,
http://www.libertalaw.com/,fulyababaoglan@erahukuk.com,2023-12-10 19:08:50,www.libertalaw.com,,
http://www.libertalaw.com/,info@hilalcaglar.av.tr,2023-12-10 19:08:50,www.libertalaw.com,,
http://www.libertalaw.com/,bersankayikci@ankara.av.tr,2023-12-10 19:08:50,www.libertalaw.com,,
http://www.libertalaw.com/,ebrusemizer@libertalaw.com,2023-12-10 19:08:50,www.libertalaw.com,,
http://www.libertalaw.com/,nesliyariz@libertalaw.com,2023-12-10 19:08:50,www.libertalaw.com,,
http://www.pusulahukuk.com/,bilg@pusulahukuk.com,2023-12-10 19:09:06,www.pusulahukuk.com,,
http://www.pusulahukuk.com/,bilgi@pusulahukuk.com,2023-12-10 19:09:06,www.pusulahukuk.com,,
http://www.avukathaleodabasi.com/,av.haleodabasi@gmail.com,2023-12-10 19:09:10,www.avukathaleodabasi.com,,
http://www.denizlawoffice.com/,info@denizlawoffice.com,2023-12-10 19:09:39,www.denizlawoffice.com,,
http://www.denizlawoffice.com/,denizlawoffice@gmail.com,2023-12-10 19:09:39,www.denizlawoffice.com,,
http://www.esmeraylaw.com/,fehmi@esmeraylaw.com,2023-12-10 19:09:48,www.esmeraylaw.com,,
http://www.esmeraylaw.com/,info@esmeraylaw.com,2023-12-10 19:09:48,www.esmeraylaw.com,,
http://www.bilimpatent.com.tr/,info@bilimpatent.com.tr,2023-12-10 19:09:56,www.bilimpatent.com.tr,,
https://aeslawoffice.com/,drfatihaydogan@aeslawoffice.com,2023-12-10 19:10:21,aeslawoffice.com,,
https://aeslawoffice.com/,beyazitemiroglu@aeslawoffice.com,2023-12-10 19:10:21,aeslawoffice.com,,
https://aeslawoffice.com/,nazlikececi@aeslawoffice.com,2023-12-10 19:10:21,aeslawoffice.com,,
https://aeslawoffice.com/,emresalihoglu@aeslawoffice.com,2023-12-10 19:10:21,aeslawoffice.com,,
https://aeslawoffice.com/,info@aeslawoffice.com,2023-12-10 19:10:21,aeslawoffice.com,,
https://aeslawoffice.com/,yagizkaradenizli@aeslawoffice.com,2023-12-10 19:10:21,aeslawoffice.com,,
https://aeslawoffice.com/,seydayildirim@aeslawoffice.com,2023-12-10 19:10:21,aeslawoffice.com,,
http://www.avmehmetsoganli.com/,m.sgnli10@gmail.com,2023-12-10 19:10:36,www.avmehmetsoganli.com,,
http://ayazlaw.av.tr/,info@ayazlaw.av.tr,2023-12-10 19:11:04,ayazlaw.av.tr,,
https://smart-outsourcing.com/,info@smart-outsourcing.com,2023-12-10 19:11:06,smart-outsourcing.com,,
http://erkanpartners.com/,info@erkanpartners.com,2023-12-10 19:11:10,erkanpartners.com,,
http://erkanpartners.com/,m.erkan@erkanpartners.com,2023-12-10 19:11:10,erkanpartners.com,,
http://bamarmarahukuk.com/,info@bamarmarahukuk.com,2023-12-10 19:11:36,bamarmarahukuk.com,,
http://arslan.av.tr/,info@arslan.av.tr,2023-12-10 19:11:40,arslan.av.tr,,
http://arslan.av.tr/,akdilsiz@tecpor.com,2023-12-10 19:11:40,arslan.av.tr,,
http://www.gonenlipartners.com/,office@bernstein.co.uk,2023-12-10 19:11:44,www.gonenlipartners.com,,
http://www.gonenlipartners.com/,info@gonenlipartners.com,2023-12-10 19:11:44,www.gonenlipartners.com,,
http://www.avukatipekoyakural.com/,ayhan@avukatipekoyakural.com,2023-12-10 19:11:49,www.avukatipekoyakural.com,,
http://www.avukatipekoyakural.com/,vekalet@avukatipekoyakural.com,2023-12-10 19:11:49,www.avukatipekoyakural.com,,
http://www.avukatipekoyakural.com/,ela@avukatipekoyakural.com,2023-12-10 19:11:49,www.avukatipekoyakural.com,,
http://www.avukatipekoyakural.com/,ipek@avukatipekoyakural.com,2023-12-10 19:11:49,www.avukatipekoyakural.com,,
http://www.avukatipekoyakural.com/,aysegul@avukatipekoyakural.com,2023-12-10 19:11:49,www.avukatipekoyakural.com,,
http://www.avukatipekoyakural.com/,info@avukatipekoyakural.com,2023-12-10 19:11:49,www.avukatipekoyakural.com,,
http://www.avukatipekoyakural.com/,ceviri@avukatipekoyakural.com,2023-12-10 19:11:49,www.avukatipekoyakural.com,,
http://www.avukatipekoyakural.com/,muhasebe@avukatipekoyakural.com,2023-12-10 19:11:49,www.avukatipekoyakural.com,,
http://congarhukuk.com/,cem@congarhukuk.com,2023-12-10 19:12:18,congarhukuk.com,,
http://congarhukuk.com/,dava@congarhukuk.com,2023-12-10 19:12:18,congarhukuk.com,,
http://congarhukuk.com/,global@congarhukuk.com,2023-12-10 19:12:18,congarhukuk.com,,
http://congarhukuk.com/,info@congarhukuk.com,2023-12-10 19:12:18,congarhukuk.com,,
http://congarhukuk.com/,congar@congarhukuk.com,2023-12-10 19:12:18,congarhukuk.com,,
http://ideahukuk.net/,samet@ideahukuk.net,2023-12-10 19:12:34,ideahukuk.net,,
http://ideahukuk.net/,emel@ideahukuk.net,2023-12-10 19:12:34,ideahukuk.net,,
http://ideahukuk.net/,info@ideahukuk.net,2023-12-10 19:12:34,ideahukuk.net,,
http://ideahukuk.net/,ahmet@ideahukuk.net,2023-12-10 19:12:34,ideahukuk.net,,
http://ideahukuk.net/,said@ideahukuk.net,2023-12-10 19:12:34,ideahukuk.net,,
http://www.invokat.com/,derya.cetiner@invokat.com,2023-12-10 19:12:48,www.invokat.com,,
http://www.invokat.com/,merve.soyleyici@invokat.com,2023-12-10 19:12:48,www.invokat.com,,
http://www.invokat.com/,busra.yazici@invokat.com,2023-12-10 19:12:48,www.invokat.com,,
http://www.invokat.com/,info@invokat.com,2023-12-10 19:12:48,www.invokat.com,,
http://www.invokat.com/,oyku.kacan@invokat.com,2023-12-10 19:12:48,www.invokat.com,,
http://www.invokat.com/,yagmur.aktan@invokat.com,2023-12-10 19:12:48,www.invokat.com,,
http://www.invokat.com/,salih.kizildag@invokat.com,2023-12-10 19:12:48,www.invokat.com,,
http://www.invokat.com/,ahmet.fatih.ertem@invokat.com,2023-12-10 19:12:48,www.invokat.com,,
http://www.invokat.com/,nazli.kol@invokat.com,2023-12-10 19:12:48,www.invokat.com,,
http://www.danis.av.tr/,info@danis.av.tr,2023-12-10 19:12:58,www.danis.av.tr,,
https://www.isikucar.av.tr/,info@isikucar.av.tr,2023-12-10 19:13:01,www.isikucar.av.tr,,
http://www.cozumhukuk.com.tr/,caner@cozumhukuk.com.tr,2023-12-10 19:13:06,www.cozumhukuk.com.tr,,
http://www.cozumhukuk.com.tr/,info@cozumhukuk.com.tr,2023-12-10 19:13:06,www.cozumhukuk.com.tr,,
http://www.cozumhukuk.com.tr/,seda@cozumhukuk.com.tr,2023-12-10 19:13:06,www.cozumhukuk.com.tr,,
http://www.demircanlaw.com/,info@demircanlaw.com,2023-12-10 19:13:23,www.demircanlaw.com,,
https://mslawistanbul.de/,o.moustafa@istanbul.av.tr,2023-12-10 19:13:39,mslawistanbul.de,,
https://mslawistanbul.de/,d.seymen@istanbul.av.tr,2023-12-10 19:13:39,mslawistanbul.de,,
http://www.aksac.av.tr/,hukuk@aksac.av.tr,2023-12-10 19:13:39,www.aksac.av.tr,,
http://www.aksac.av.tr/,aksac@aksac.av.tr,2023-12-10 19:13:39,www.aksac.av.tr,,
http://www.butuner.com/,moozcelik@gmail.com,2023-12-10 19:13:49,www.butuner.com,,
http://www.butuner.com/,info@butuner.com,2023-12-10 19:13:49,www.butuner.com,,
http://www.gultekinhukuk.com/,info@gultekinhukuk.com,2023-12-10 19:13:55,www.gultekinhukuk.com,,
http://www.gultekinhukuk.com/,gultekin@gultekinhukuk.com,2023-12-10 19:13:55,www.gultekinhukuk.com,,
http://www.bghukukburosu.com.tr/,info@bghukukburosu.com.tr,2023-12-10 19:14:14,www.bghukukburosu.com.tr,,
http://www.bghukukburosu.com.tr/,bilgi@bghukukburosu.com.tr,2023-12-10 19:14:14,www.bghukukburosu.com.tr,,
http://www.aydinorhan.av.tr/,denizaydin@aydinorhan.av.tr,2023-12-10 19:14:22,www.aydinorhan.av.tr,,
http://www.aydinorhan.av.tr/,aysebalkar@aydinorhan.av.tr,2023-12-10 19:14:22,www.aydinorhan.av.tr,,
http://www.aydinorhan.av.tr/,oralatak@aydinorhan.av.tr,2023-12-10 19:14:22,www.aydinorhan.av.tr,,
http://www.aydinorhan.av.tr/,hasangedik@aydinorhan.av.tr,2023-12-10 19:14:22,www.aydinorhan.av.tr,,
http://www.aydinorhan.av.tr/,merveyildirim@aydinorhan.av.tr,2023-12-10 19:14:22,www.aydinorhan.av.tr,,
http://www.aydinorhan.av.tr/,info@aydinorhan.av.tr,2023-12-10 19:14:22,www.aydinorhan.av.tr,,
http://www.aydinorhan.av.tr/,kubrayasar@aydinorhan.av.tr,2023-12-10 19:14:22,www.aydinorhan.av.tr,,
http://www.aydinorhan.av.tr/,yaseminkesin@aydinorhan.av.tr,2023-12-10 19:14:22,www.aydinorhan.av.tr,,
http://www.aydinorhan.av.tr/,aydinorhan@aydinorhan.av.tr,2023-12-10 19:14:22,www.aydinorhan.av.tr,,
http://www.aydinorhan.av.tr/,omerselamoglu@aydinorhan.av.tr,2023-12-10 19:14:22,www.aydinorhan.av.tr,,
http://www.aydinorhan.av.tr/,andacdogan@aydinorhan.av.tr,2023-12-10 19:14:22,www.aydinorhan.av.tr,,
http://www.aydinorhan.av.tr/,melisorhan@aydinorhan.av.tr,2023-12-10 19:14:22,www.aydinorhan.av.tr,,
http://www.hancer.av.tr/,deniz@hancer.av.tr,2023-12-10 19:14:32,www.hancer.av.tr,,
http://www.hancer.av.tr/,selimtasdemirr@outlook.com,2023-12-10 19:14:32,www.hancer.av.tr,,
http://www.bezenpartners.com/,your.address@email.com,2023-12-10 19:14:33,www.bezenpartners.com,,
http://www.bezenpartners.com/,info@bezenpartners.com,2023-12-10 19:14:33,www.bezenpartners.com,,
http://www.antroya.com.tr/,antroya@antroya.com.tr,2023-12-10 19:14:35,www.antroya.com.tr,,
http://www.antroya.com.tr/,antroya@antroya.com,2023-12-10 19:14:35,www.antroya.com.tr,,
http://idealhukukavukatlik.com/,bilgi@idealhukukavukatlik.com,2023-12-10 19:14:38,idealhukukavukatlik.com,,
http://www.balcimidyatli.com/,filler@godaddy.com,2023-12-10 19:14:48,www.balcimidyatli.com,,
http://www.balcimidyatli.com/,info@balcimidyatli.com,2023-12-10 19:14:48,www.balcimidyatli.com,,
http://www.balcimidyatli.com/,micah@micahrich.com,2023-12-10 19:14:48,www.balcimidyatli.com,,
http://rezanepozdemir.av.tr/,murat.oksuz@analizhukuk.org,2023-12-10 19:15:06,rezanepozdemir.av.tr,,
http://rezanepozdemir.av.tr/,info@rezanepozdemir.av.tr,2023-12-10 19:15:06,rezanepozdemir.av.tr,,
http://www.kplawtr.com/,info@kplawtr.com,2023-12-10 19:15:06,www.kplawtr.com,,
http://ulukoklu.av.tr/,seniz@ulukoklu.av.tr,2023-12-10 19:15:24,ulukoklu.av.tr,,
http://ulukoklu.av.tr/,mtayyar@ulukoklu.av.tr,2023-12-10 19:15:24,ulukoklu.av.tr,,
http://ulukoklu.av.tr/,socankaya@ulukoklu.av.tr,2023-12-10 19:15:24,ulukoklu.av.tr,,
http://ulukoklu.av.tr/,iozdemir@ulukoklu.av.tr,2023-12-10 19:15:24,ulukoklu.av.tr,,
http://ulukoklu.av.tr/,mosma@ulukoklu.av.tr,2023-12-10 19:15:24,ulukoklu.av.tr,,
http://www.hukukiboyut.com/,emre@hukukiboyut.com,2023-12-10 19:15:31,www.hukukiboyut.com,,
http://www.hukukiboyut.com/,kubra@hukukiboyut.com,2023-12-10 19:15:31,www.hukukiboyut.com,,
http://www.hukukiboyut.com/,yunus@hukukiboyut.com,2023-12-10 19:15:31,www.hukukiboyut.com,,
http://www.hukukiboyut.com/,erdal@hukukiboyut.com,2023-12-10 19:15:31,www.hukukiboyut.com,,
http://www.hukukiboyut.com/,berkay@hukukiboyut.com,2023-12-10 19:15:31,www.hukukiboyut.com,,
http://www.hukukiboyut.com/,merve@hukukiboyut.com,2023-12-10 19:15:31,www.hukukiboyut.com,,
http://www.nyclegal.com.tr/,info@nyclegal.com.tr,2023-12-10 19:15:31,www.nyclegal.com.tr,,
http://www.nyclegal.com.tr/,ankara@nyclegal.com.tr,2023-12-10 19:15:31,www.nyclegal.com.tr,,
http://www.karako.av.tr/,recruitment@karako.av.tr,2023-12-10 19:15:33,www.karako.av.tr,,
http://www.karako.av.tr/,info@karako.av.tr,2023-12-10 19:15:33,www.karako.av.tr,,
http://www.istanbulbarosu.org.tr/,baro@istanbulbarosu.org.tr,2023-12-10 19:15:35,www.istanbulbarosu.org.tr,,
http://www.istanbulbarosu.org.tr/,istanbulbarosu@hs01.kep.tr,2023-12-10 19:15:35,www.istanbulbarosu.org.tr,,
http://kslaw.com.tr/,medya@kslaw.com.tr,2023-12-10 19:15:58,kslaw.com.tr,,
http://kslaw.com.tr/,hukuk@kslaw.com.tr,2023-12-10 19:15:58,kslaw.com.tr,,
http://serhanvatansever.av.tr/,info@serhanvatansever.av.tr,2023-12-10 19:16:06,serhanvatansever.av.tr,,
http://www.bilici.av.tr/,bilici@bilici.av.tr,2023-12-10 19:16:09,www.bilici.av.tr,,
http://www.paltalaw.com/,ukocasakal@paltalaw.com,2023-12-10 19:16:17,www.paltalaw.com,,
http://www.paltalaw.com/,npalta@paltalaw.com,2023-12-10 19:16:17,www.paltalaw.com,,
http://www.paltalaw.com/,udogan@paltalaw.com,2023-12-10 19:16:17,www.paltalaw.com,,
http://www.paltalaw.com/,info@paltalaw.com,2023-12-10 19:16:17,www.paltalaw.com,,
http://www.aybek.av.tr/,pelin@aybek.av.tr,2023-12-10 19:16:26,www.aybek.av.tr,,
http://www.aybek.av.tr/,eraycanakbaba@aybek.av.tr,2023-12-10 19:16:26,www.aybek.av.tr,,
http://www.aybek.av.tr/,gozdeerdem@aybek.av.tr,2023-12-10 19:16:26,www.aybek.av.tr,,
http://www.aybek.av.tr/,aybek@aybek.av.tr,2023-12-10 19:16:26,www.aybek.av.tr,,
http://www.aybek.av.tr/,dogancan@aybek.av.tr,2023-12-10 19:16:26,www.aybek.av.tr,,
http://www.aybek.av.tr/,oneraybek@aybek.av.tr,2023-12-10 19:16:26,www.aybek.av.tr,,
http://www.aybek.av.tr/,sezin@aybek.av.tr,2023-12-10 19:16:26,www.aybek.av.tr,,
http://www.sarikilic.com/,info@sarikilic.com,2023-12-10 19:16:28,www.sarikilic.com,,
http://nereuslaw.com/,info@mysite.com,2023-12-10 19:16:35,nereuslaw.com,,
http://nereuslaw.com/,info@nereuslaw.com,2023-12-10 19:16:35,nereuslaw.com,,
https://gsalawpartners.com/,sinan@gsalawpartners.com,2023-12-10 19:16:36,gsalawpartners.com,,
https://gsalawpartners.com/,sena@gsalawpartners.com,2023-12-10 19:16:36,gsalawpartners.com,,
https://gsalawpartners.com/,aysel@gsalawpartners.com,2023-12-10 19:16:36,gsalawpartners.com,,
https://gsalawpartners.com/,info@gsalawpartners.com,2023-12-10 19:16:36,gsalawpartners.com,,
https://gsalawpartners.com/,email@example.com,2023-12-10 19:16:36,gsalawpartners.com,,
https://gsalawpartners.com/,gulsum@gsalawpartners.com,2023-12-10 19:16:36,gsalawpartners.com,,
https://www.akran.com.tr/,aysegul@akran.com.tr,2023-12-10 19:16:39,www.akran.com.tr,,
https://www.akran.com.tr/,irem@akran.com.tr,2023-12-10 19:16:39,www.akran.com.tr,,
https://www.akran.com.tr/,ceren@akran.com.tr,2023-12-10 19:16:39,www.akran.com.tr,,
https://www.akran.com.tr/,aysenur@akran.com.tr,2023-12-10 19:16:39,www.akran.com.tr,,
https://www.akran.com.tr/,samet@akran.com.tr,2023-12-10 19:16:39,www.akran.com.tr,,
https://www.akran.com.tr/,cagatay@akran.com.tr,2023-12-10 19:16:39,www.akran.com.tr,,
https://www.akran.com.tr/,erhan@akran.com.tr,2023-12-10 19:16:39,www.akran.com.tr,,
https://www.akran.com.tr/,info@akran.com.tr,2023-12-10 19:16:39,www.akran.com.tr,,
https://legal.com.tr/,legal@legal.com.tr,2023-12-10 19:16:46,legal.com.tr,,
http://www.suluk.com.tr/,info@suluk.com,2023-12-10 19:16:51,www.suluk.com.tr,,
http://www.suluk.com.tr/,info@suluk.com.tr,2023-12-10 19:16:51,www.suluk.com.tr,,
https://olmez-olmez.com/index.html,info@olmez-olmez.com,2023-12-10 19:17:07,olmez-olmez.com,,
http://www.koc-bagheri.com/,wordpress@example.com,2023-12-10 19:17:29,www.koc-bagheri.com,,
http://www.arikanpartners.com/,info@arikanpartners.com,2023-12-10 19:17:32,www.arikanpartners.com,,
http://www.arikanpartners.com/,narikan@arikanpartners.com,2023-12-10 19:17:32,www.arikanpartners.com,,
http://www.arikanpartners.com/,hr@arikanpartners.com,2023-12-10 19:17:32,www.arikanpartners.com,,
http://www.arikanpartners.com/,varikan@arikanpartners.com,2023-12-10 19:17:32,www.arikanpartners.com,,
http://www.sezekkaplan.com/,belin.sigura@sezekkaplan.com,2023-12-10 19:17:39,www.sezekkaplan.com,,
http://www.sezekkaplan.com/,bugra.sukut@sezekkaplan.com,2023-12-10 19:17:39,www.sezekkaplan.com,,
http://www.sezekkaplan.com/,idil.seval@sezekkaplan.com,2023-12-10 19:17:39,www.sezekkaplan.com,,
http://www.sezekkaplan.com/,yasemin.boyraz@sezekkaplan.com,2023-12-10 19:17:39,www.sezekkaplan.com,,
http://www.sezekkaplan.com/,ufuk.sezekkaplan@sezekkaplan.com,2023-12-10 19:17:39,www.sezekkaplan.com,,
http://www.sezekkaplan.com/,cansu.kaymak@sezekkaplan.com,2023-12-10 19:17:39,www.sezekkaplan.com,,
http://www.sezekkaplan.com/,Info@sezekkaplan.com,2023-12-10 19:17:39,www.sezekkaplan.com,,
http://www.sezekkaplan.com/,isilsu.bayrak@sezekkaplan.com,2023-12-10 19:17:39,www.sezekkaplan.com,,
http://www.sezekkaplan.com/,info@sezekkaplan.com,2023-12-10 19:17:39,www.sezekkaplan.com,,
https://www.karaboga.av.tr/,info@karaboga.av.tr,2023-12-10 19:17:54,www.karaboga.av.tr,,
http://4legalpartners.com/,info@4legalpartners.com,2023-12-10 19:18:00,4legalpartners.com,,
http://4legalpartners.com/,porto@consulting.com,2023-12-10 19:18:00,4legalpartners.com,,
http://www.soyhanhukuk.com/,derya@verunbilgisayar.com,2023-12-10 19:18:03,www.soyhanhukuk.com,,
http://www.soyhanhukuk.com/,info@soyhanhukuk.com,2023-12-10 19:18:03,www.soyhanhukuk.com,,
http://www.thelawofficeistanbul.com/,tiphukuku@gmail.com,2023-12-10 19:18:35,www.thelawofficeistanbul.com,,
http://www.thelawofficeistanbul.com/,cezahukuku@gmail.com,2023-12-10 19:18:35,www.thelawofficeistanbul.com,,
http://www.sahinlawfirm.com/,info@sahinlawfirm.com,2023-12-10 19:18:51,www.sahinlawfirm.com,,
http://www.sahinlawfirm.com/,tariksahin@sahinlawfirm.com,2023-12-10 19:18:51,www.sahinlawfirm.com,,
https://www.alper.av.tr/contact,info@alper.av.tr,2023-12-10 19:19:02,www.alper.av.tr,,
https://www.alper.av.tr/contact,oalper@alper.av.tr,2023-12-10 19:19:02,www.alper.av.tr,,
http://www.derginpartners.com/,info@derginpartners.com,2023-12-10 19:19:43,www.derginpartners.com,,
http://www.derginpartners.com/,contact@sansoxygen.com,2023-12-10 19:19:43,www.derginpartners.com,,
http://www.galiphukuk.com/,info@galiphukuk.com,2023-12-10 19:19:46,www.galiphukuk.com,,
http://www.galiphukuk.com/,example@de-jure.com,2023-12-10 19:19:46,www.galiphukuk.com,,
http://serbes.av.tr/,info@serbes.av.tr,2023-12-10 19:20:03,serbes.av.tr,,
http://www.cingozbaybali.av.tr/,info@cingozbaybali.av.tr,2023-12-10 19:20:10,www.cingozbaybali.av.tr,,
http://www.cingozbaybali.av.tr/,murat.baybali@cingozbaybali.av.tr,2023-12-10 19:20:10,www.cingozbaybali.av.tr,,
http://www.cingozbaybali.av.tr/,alican.cingoz@cingozbaybali.av.tr,2023-12-10 19:20:10,www.cingozbaybali.av.tr,,
http://www.cingozbaybali.av.tr/,info@goldfinchlegal.com,2023-12-10 19:20:10,www.cingozbaybali.av.tr,,
https://www.legista.com.tr/,info@legista.com.tr,2023-12-10 19:20:23,www.legista.com.tr,,
http://www.bnglawfirm.com.tr/,info@bnglawfirm.com.tr,2023-12-10 19:20:31,www.bnglawfirm.com.tr,,
http://alfhukuk.com/,alf@alfhukuk.com,2023-12-10 19:20:35,alfhukuk.com,,
http://alfhukuk.com/,hello@pearsonspecter.com,2023-12-10 19:20:35,alfhukuk.com,,
http://www.rzhukuk.com/,info@resulzor.av.tr,2023-12-10 19:20:36,www.rzhukuk.com,,
https://canhukukburo.com/,canhukukburo@gmail.com,2023-12-10 19:20:46,canhukukburo.com,,
https://canhukukburo.com/,Info@canhukukburo.com,2023-12-10 19:20:46,canhukukburo.com,,
https://www.avozgulyalcingokbel.com/,info@avozgulyalcingokbel.com,2023-12-10 19:21:06,www.avozgulyalcingokbel.com,,
https://www.avozgulyalcingokbel.com/,ozgulyalcin@hotmail.com,2023-12-10 19:21:06,www.avozgulyalcingokbel.com,,
https://www.avozgulyalcingokbel.com/,bilgi@avozgulyalcingokbel.com,2023-12-10 19:21:06,www.avozgulyalcingokbel.com,,
http://istanbullawyerfirm.com/,info@istanbullawyerfirm.com,2023-12-10 19:21:27,istanbullawyerfirm.com,,
http://istanbullawyerfirm.com/,info@erguner.com.tr,2023-12-10 19:21:27,istanbullawyerfirm.com,,
https://www.kos-legal.com/,info@kos-legal.com,2023-12-10 19:21:39,www.kos-legal.com,,
https://www.kos-legal.com/,user@domain.com,2023-12-10 19:21:39,www.kos-legal.com,,
http://www.sandikci.av.tr/,info@mysite.com,2023-12-10 19:22:08,www.sandikci.av.tr,,
http://www.sandikci.av.tr/,sberkay@sandikci.av.tr,2023-12-10 19:22:08,www.sandikci.av.tr,,
https://www.denizozerhukuk.com/,kdeniz@denizozerhukuk.com,2023-12-10 19:22:14,www.denizozerhukuk.com,,
https://www.denizozerhukuk.com/,hozer@denizozerhukuk.com,2023-12-10 19:22:14,www.denizozerhukuk.com,,
http://www.kent-hukuk.com/,filler@godaddy.com,2023-12-10 19:22:25,www.kent-hukuk.com,,
http://www.kent-hukuk.com/,info@kent-hukuk.com,2023-12-10 19:22:25,www.kent-hukuk.com,,
http://www.kent-hukuk.com/,luciano@latinotype.com,2023-12-10 19:22:25,www.kent-hukuk.com,,
http://www.akdanis.av.tr/,info@akdanis.av.tr,2023-12-10 19:22:29,www.akdanis.av.tr,,
http://www.akdanis.av.tr/,Powerlegal@gmail.com,2023-12-10 19:22:29,www.akdanis.av.tr,,
http://www.akdanis.av.tr/,PowerLegal@gmail.com,2023-12-10 19:22:29,www.akdanis.av.tr,,
http://unsal-unsal.com/,impallari@gmail.com,2023-12-10 19:22:49,unsal-unsal.com,,
http://unsal-unsal.com/,info@unsal-unsal.com,2023-12-10 19:22:49,unsal-unsal.com,,
http://unsal-unsal.com/,micah@micahrich.com,2023-12-10 19:22:49,unsal-unsal.com,,
http://www.solakpartners.com/,baygun@solakpartners.com,2023-12-10 19:23:04,www.solakpartners.com,,
http://www.solakpartners.com/,info@solakpartners.com,2023-12-10 19:23:04,www.solakpartners.com,,
http://www.solakpartners.com/,bergin@solakpartners.com,2023-12-10 19:23:04,www.solakpartners.com,,
http://www.solakpartners.com/,mutlucan@solakpartners.com,2023-12-10 19:23:04,www.solakpartners.com,,
http://www.solakpartners.com/,ekaratay@solakpartners.com,2023-12-10 19:23:04,www.solakpartners.com,,
http://www.solakpartners.com/,oerdil@solakpartners.com,2023-12-10 19:23:04,www.solakpartners.com,,
https://ahmetandberat.com/,info@ahmetandberat.com,2023-12-10 19:23:22,ahmetandberat.com,,
https://gucarslan.av.tr/about-us/,u003einfo@gucarslan.av.tr,2023-12-10 19:23:34,gucarslan.av.tr,,
https://gucarslan.av.tr/about-us/,info@gucarslan.av.tr,2023-12-10 19:23:34,gucarslan.av.tr,,
https://www.pointlawfirm.com/,ugurcan@pointlawfirm.com,2023-12-10 19:23:35,www.pointlawfirm.com,,
https://www.pointlawfirm.com/,cagri@pointlawfirm.com,2023-12-10 19:23:35,www.pointlawfirm.com,,
https://www.pointlawfirm.com/,furkan@pointlawfirm.com,2023-12-10 19:23:35,www.pointlawfirm.com,,
https://www.pointlawfirm.com/,emin@pointlawfirm.com,2023-12-10 19:23:35,www.pointlawfirm.com,,
http://www.hnppatent.com/iletisim.html,info@hnppatent.com,2023-12-10 19:23:43,www.hnppatent.com,,
http://www.hnppatent.com/iletisim.html,info@hovseppayel.av.tr,2023-12-10 19:23:43,www.hnppatent.com,,
http://www.hnppatent.com/iletisim.html,myname@example.com,2023-12-10 19:23:43,www.hnppatent.com,,
https://heuvels-uras.com/,hu-bod@heuvels-uras.com,2023-12-10 19:24:22,heuvels-uras.com,,
https://heuvels-uras.com/,info@heuvels-uras.com,2023-12-10 19:24:22,heuvels-uras.com,,
http://uyberhukuk.com/,info@uyberhukuk.com,2023-12-10 19:24:26,uyberhukuk.com,,
http://uyberhukuk.com/,feedback@startbootstrap.com,2023-12-10 19:24:26,uyberhukuk.com,,
http://uyberhukuk.com/,your-email@your-domain.com,2023-12-10 19:24:26,uyberhukuk.com,,
http://lawyerteam.pro/,adiniz@sirketiniz.com,2023-12-10 19:24:43,lawyerteam.pro,,
http://lawyerteam.pro/,info@lawyerteam.pro,2023-12-10 19:24:43,lawyerteam.pro,,
http://iptechlegalblog.com/,info@iptech-legal.com,2023-12-10 19:24:51,iptechlegalblog.com,,
http://koruk.av.tr/,info@koruk.av.tr,2023-12-10 19:24:57,koruk.av.tr,,
http://koruk.av.tr/,alperenasimkoruk@gmail.com,2023-12-10 19:24:57,koruk.av.tr,,
https://www.mgc.com.tr/,info@mgc.com.tr,2023-12-10 19:25:36,www.mgc.com.tr,,
http://mehmetlawfirm.com/,info@istanbullawyerfirm.com,2023-12-10 19:25:39,mehmetlawfirm.com,,
http://mehmetlawfirm.com/,info@mehmetlawfirm.com,2023-12-10 19:25:39,mehmetlawfirm.com,,
http://gulhan.av.tr/,av.kartalgulhan@gmail.com,2023-12-10 19:25:44,gulhan.av.tr,,
http://gulhan.av.tr/,kartal@gulhan.av.tr,2023-12-10 19:25:44,gulhan.av.tr,,
http://yasarlawfirm.com/,info@yasarlawfirm.com,2023-12-10 19:25:55,yasarlawfirm.com,,
http://www.uyusmazlikcozummerkezi.org/,filler@godaddy.com,2023-12-10 19:25:56,www.uyusmazlikcozummerkezi.org,,
http://www.uyusmazlikcozummerkezi.org/,jonpinhorn.typedesign@gmail.com,2023-12-10 19:25:56,www.uyusmazlikcozummerkezi.org,,
http://www.uyusmazlikcozummerkezi.org/,info@uczm.org,2023-12-10 19:25:56,www.uyusmazlikcozummerkezi.org,,
http://www.uyusmazlikcozummerkezi.org/,amkryukov@gmail.com,2023-12-10 19:25:56,www.uyusmazlikcozummerkezi.org,,
http://www.uyusmazlikcozummerkezi.org/,eben@eyebytes.com,2023-12-10 19:25:56,www.uyusmazlikcozummerkezi.org,,
https://mzslawoffice.com/,filler@godaddy.com,2023-12-10 19:26:00,mzslawoffice.com,,
https://mzslawoffice.com/,info@mzslawoffice.com,2023-12-10 19:26:00,mzslawoffice.com,,
http://www.pekgun.com/,info@pekgun.com,2023-12-10 19:26:01,www.pekgun.com,,
http://www.pekgun.com/,impekgun@pekgun.com,2023-12-10 19:26:01,www.pekgun.com,,
http://cylawoffice.com/,amkryukov@gmail.com,2023-12-10 19:27:01,cylawoffice.com,,
http://cylawoffice.com/,agustinamingote@gmail.com,2023-12-10 19:27:01,cylawoffice.com,,
http://www.patentmuhendisi.com/,info@patentmuhendisi.com.tr,2023-12-10 19:27:11,www.patentmuhendisi.com,,
http://esalawfirm.com/,hello@projx.com.tr,2023-12-10 19:27:34,esalawfirm.com,,
http://esalawfirm.com/,info@mediterra.com,2023-12-10 19:27:34,esalawfirm.com,,
http://dogan-law.com/contact-2-2/,info@dogan-law.com,2023-12-10 19:27:36,dogan-law.com,,
https://www.uygunlaw.com/,info@uygunlaw.com,2023-12-10 19:27:49,www.uygunlaw.com,,
http://rozahukuk.com/,info@yoursite.com,2023-12-10 19:27:53,rozahukuk.com,,
http://rozahukuk.com/,info@rozahukuk.com,2023-12-10 19:27:53,rozahukuk.com,,
http://www.gedawigroup.com/,could not reach site,2023-12-10 19:49:51,,,
https://asyaipinsaat.sahibinden.com/%3FuserId%3DaM_NkkS--PUOUtJtqP0grXQ,could not reach site,2023-12-10 19:50:03,,,
http://www.timurkaynakhukuk.com/,could not reach site,2023-12-10 19:50:08,,,
http://www.ongurpartners.com/contact-page,contact@ongurpartners.com,2023-12-10 19:50:11,,,
http://www.ongurpartners.com/contact-page,u00a0contact@ongurpartners.com,2023-12-10 19:50:11,,,
https://www.esin.av.tr/contact-us/,info@esin.av.tr,2023-12-10 19:50:14,,,
https://www.hanyaloglu-acar.av.tr/contact,bfb679c754744c58a7374ee6e25cfc13@sentry.wixpress.com,2023-12-10 19:50:20,,,
https://www.hanyaloglu-acar.av.tr/contact,info@hanyaloglu-acar.av.tr,2023-12-10 19:50:20,,,
http://www.inkahukuk.com/contact/,info@inkahukuk.com,2023-12-10 19:50:25,,,
https://www.rotaarabuluculuk.com/,could not reach site,2023-12-10 19:50:25,,,
http://www.dundarsir.com/en/contact,info@dundarsir.com,2023-12-10 19:50:31,,,
http://avnevzattombulca.com/%3Futm_source%3Dgmb%26utm_medium%3Dreferral,could not reach site,2023-12-10 19:50:32,,,
http://silivrinoter4gmail.com/,could not reach site,2023-12-10 19:50:34,,,
http://td-lawfirm.net/,could not reach site,2023-12-10 19:50:41,,,
https://ozay.av.tr/contact,yourname@example.com,2023-12-10 19:50:50,,,
https://ozay.av.tr/contact,info@ozay.av.tr,2023-12-10 19:50:50,,,
https://ozay.av.tr/privacy,info@ozay.av.tr,2023-12-10 19:50:50,,,
http://portal.tnb.org.tr/Sayfalar/AnaSayfa.aspx,could not reach site,2023-12-10 19:51:08,,,
http://www.egemenoglu.av.tr/en/contact,info@egemenoglu.av.tr,2023-12-10 19:51:27,,,
https://www.yavuz-uyanik.av.tr/contact-us/,info@yavuz-uyanik.av.tr,2023-12-10 19:51:32,,,
https://www.yavuz-uyanik.av.tr/privacy-notice/,info@yavuz-uyanik.av.tr,2023-12-10 19:51:33,,,
https://remaxpartner2.sahibinden.com/%3FuserId%3DaSKcYRS11opigGZzPOKMT5g,could not reach site,2023-12-10 19:51:43,,,
http://www.kolcuoglu.av.tr/contact,info@kolcuoglu.av.tr,2023-12-10 19:51:47,,,
http://www.kolcuoglu.av.tr/contact,webmaster@kolcuoglu.av.tr,2023-12-10 19:51:47,,,
http://www.kolcuoglu.av.tr/contact,pl@kolcuoglu.av.tr,2023-12-10 19:51:47,,,
http://www.kolcuoglu.av.tr/contact,hr@kolcuoglu.av.tr,2023-12-10 19:51:47,,,
http://www.kolcuoglu.av.tr/contact,finance@kolcuoglu.av.tr,2023-12-10 19:51:47,,,
http://erguven.av.tr/,info@erguven.av.tr,2023-12-10 19:51:54,,,
https://medoturmaizni.com/,could not reach site,2023-12-10 19:52:06,,,
http://masterlawplus.com/contact,info@masterlawplus.com,2023-12-10 19:52:10,,,
http://www.paksoy.av.tr/,could not reach site,2023-12-10 19:52:14,,,
http://www.ceylanlaw.com/,could not reach site,2023-12-10 19:52:31,,,
http://www.dolunayhukuk.com/,could not reach site,2023-12-10 19:52:32,,,
http://faris-group.com/contact-us,info@faris-group.com,2023-12-10 19:52:51,,,
https://www.baseak.com/en/footer/privacy-policy,crm@baseak.com,2023-12-10 19:52:57,,,
https://www.kdhukuk.com/en/contact/,info@kdhukuk.com,2023-12-10 19:53:05,,,
http://www.demir.av.tr/,could not reach site,2023-12-10 19:53:22,,,
https://www.deris.com/,could not reach site,2023-12-10 19:53:34,,,
https://en.hansu.av.tr/contact-us/,hansu@hansu.av.tr,2023-12-10 19:53:51,,,
https://www.e-ikamet.com/,could not reach site,2023-12-10 19:53:58,,,
http://www.akol.av.tr/contact-us,user@domain.com,2023-12-10 19:54:12,,,
http://www.akol.av.tr/contact-us,info@akol.av.tr,2023-12-10 19:54:12,,,
http://www.bi.legal/,could not reach site,2023-12-10 19:54:22,,,
https://www.guner.av.tr/contact,info@guner.av.tr,2023-12-10 19:54:31,,,
https://www.guner.av.tr/contact,hr@guner.av.tr,2023-12-10 19:54:31,,,
https://www.guner.av.tr/contact,eg@guner.av.tr,2023-12-10 19:54:31,,,
http://www.gurulkan.com/contact,info@gurulkan.com,2023-12-10 19:54:34,,,
https://www.gurulkan.com/privacy-policy,info@gurulkan.com,2023-12-10 19:54:35,,,
http://www.yclaw.org/contact/,info@yclaw.org,2023-12-10 19:54:38,,,
http://ilhanlaw.com/contact-1,info@ilhanlaw.com,2023-12-10 19:54:55,,,
http://www.sealawgroup.com.tr/,could not reach site,2023-12-10 19:55:14,,,
https://altinagachukuk.com/contact,av.elifduygunizamoglu@gmail.com,2023-12-10 19:55:19,,,
https://altinagachukuk.com/privacy-policy,av.elifduygunizamoglu@gmail.com,2023-12-10 19:55:19,,,
http://www.elegal.com.tr/,could not reach site,2023-12-10 19:55:22,,,
http://www.admdlaw.com/contact-details/,info@admdlaw.com,2023-12-10 19:55:28,,,
https://www.cemiloglu.av.tr/,could not reach site,2023-12-10 19:55:32,,,
http://fidanbugahukuk.com/,could not reach site,2023-12-10 19:55:37,,,
https://law-lcp.com/contact-us/,bsdonder@law-lcp.com,2023-12-10 19:55:47,,,
http://selanik.av.tr/,could not reach site,2023-12-10 19:56:32,,,
https://beylikduzubosanmahukuku.com/,could not reach site,2023-12-10 19:56:42,,,
http://www.seor-law.com/,could not reach site,2023-12-10 19:56:52,,,
http://www.yonar.av.tr/,could not reach site,2023-12-10 19:56:56,,,
https://www.avcihanunlu.com/,could not reach site,2023-12-10 19:57:05,,,
https://www.peritumhukuk.com/,peritum@ozguralgul.av.tr,2023-12-10 19:57:19,,,
https://legisterra.com/contact/,info@legisterra.com,2023-12-10 19:57:38,,,
http://www.legisterra.com/contact/,info@legisterra.com,2023-12-10 19:57:38,,,
http://canpolatlegal.com/,info@canpolatlegal.com,2023-12-10 19:57:42,,,
https://canpolatlegal.com/#contact,info@canpolatlegal.com,2023-12-10 19:57:44,,,
https://www.cliffordchance.com/about_us/media_centre/global_media_contacts.html,madhu.mirpuri@cliffordchance.com,2023-12-10 19:57:55,,,
https://www.cliffordchance.com/about_us/media_centre/global_media_contacts.html,Michael.Jalili@cliffordchance.com,2023-12-10 19:57:55,,,
https://www.cliffordchance.com/about_us/media_centre/global_media_contacts.html,Nadja.Fersch@CliffordChance.com,2023-12-10 19:57:55,,,
https://www.cliffordchance.com/about_us/media_centre/global_media_contacts.html,elizaveta.Koriagina@CliffordChance.com,2023-12-10 19:57:55,,,
https://www.cliffordchance.com/about_us/media_centre/global_media_contacts.html,LaureHelene.Caillot@CliffordChance.com,2023-12-10 19:57:55,,,
https://www.cliffordchance.com/about_us/media_centre/global_media_contacts.html,Anne-Marie.Nistoroiu@cliffordchance.com,2023-12-10 19:57:55,,,
https://www.cliffordchance.com/about_us/media_centre/global_media_contacts.html,sonia.malhotradenny@cliffordchance.com,2023-12-10 19:57:55,,,
https://www.cliffordchance.com/about_us/media_centre/global_media_contacts.html,dick.vanbokhorst@cliffordchance.com,2023-12-10 19:57:55,,,
https://www.cliffordchance.com/about_us/media_centre/global_media_contacts.html,Shamma.Kelly@cliffordchance.com,2023-12-10 19:57:55,,,
https://www.cliffordchance.com/about_us/media_centre/global_media_contacts.html,malgorzata.dezor@cliffordchance.com,2023-12-10 19:57:55,,,
https://www.cliffordchance.com/about_us/media_centre/global_media_contacts.html,kaitlin.scagluso@cliffordchance.com,2023-12-10 19:57:55,,,
https://www.cliffordchance.com/about_us/media_centre/global_media_contacts.html,lisa.trager@cliffordchance.com,2023-12-10 19:57:55,,,
https://www.cliffordchance.com/about_us/media_centre/global_media_contacts.html,dilan.ayyildiz@cliffordchance.com,2023-12-10 19:57:55,,,
https://www.cliffordchance.com/about_us/media_centre/global_media_contacts.html,kane.dowsett@cliffordchance.com,2023-12-10 19:57:55,,,
https://www.cliffordchance.com/about_us/media_centre/global_media_contacts.html,Fatiha.Ragueh@CliffordChance.com,2023-12-10 19:57:55,,,
https://www.cliffordchance.com/about_us/media_centre/global_media_contacts.html,Bara.Hahnova@CliffordChance.com,2023-12-10 19:57:55,,,
https://www.cliffordchance.com/about_us/media_centre/global_media_contacts.html,pia.pialorsi@cliffordchance.com,2023-12-10 19:57:55,,,
https://www.cliffordchance.com/about_us/media_centre/global_media_contacts.html,Chanelle.Mutawe@cliffordchance.com,2023-12-10 19:57:55,,,
https://www.cliffordchance.com/about_us/media_centre/global_media_contacts.html,edward.richards@cliffordchance.com,2023-12-10 19:57:55,,,
https://www.cliffordchance.com/about_us/media_centre/global_media_contacts.html,helen.basil@cliffordchance.com,2023-12-10 19:57:55,,,
https://www.cliffordchance.com/about_us/media_centre/global_media_contacts.html,ana.nogales@CliffordChance.com,2023-12-10 19:57:55,,,
https://www.cliffordchance.com/about_us/media_centre/global_media_contacts.html,fenix.wong@cliffordchance.com,2023-12-10 19:57:55,,,
https://www.cliffordchance.com/Legal_statements/privacy_statement.html,dataprivacy@cliffordchance.com,2023-12-10 19:57:56,,,
https://www.cliffordchance.com/Legal_statements/privacy_statement.html,DataPrivacy@CliffordChance.com,2023-12-10 19:57:56,,,
https://www.cliffordchance.com/Legal_statements/privacy_statement.html,Website.Feedback@CliffordChance.com,2023-12-10 19:57:56,,,
http://devres.legal/contact-us/,info@devres-law.com,2023-12-10 19:58:02,,,
http://www.tr.andersen.com/,could not reach site,2023-12-10 19:58:05,,,
http://www.uhbhukuk.com/,could not reach site,2023-12-10 19:58:05,,,
https://pactanova.net/contact/,info@pactanova.net,2023-12-10 19:58:08,,,
http://gulayhukuk.com/gulayhukukson/contact-us/,asligulay@gulayhukuk.com,2023-12-10 19:58:10,,,
http://gulayhukuk.com/gulayhukukson/contact-us/,ozlemgulay@gulayhukuk.com,2023-12-10 19:58:10,,,
https://legalistanbul.com.tr/contacts/,info@taygurhukuk.com,2023-12-10 19:58:36,,,
https://legalistanbul.com.tr/contacts/,info@legalistanbul.com.tr,2023-12-10 19:58:36,,,
https://www.karagullehukuk.com/,info@karagullehukuk.com,2023-12-10 19:58:40,,,
https://toydemir-tumen.av.tr/contact/,info@toydemir-tumen.av.tr,2023-12-10 19:58:46,,,
http://www.toydemir-tumen.av.tr/contact,info@toydemir-tumen.av.tr,2023-12-10 19:58:48,,,
https://clayston.com/istanbul/,could not reach site,2023-12-10 19:59:00,,,
http://www.tilegal.com/tr/erisim-bilgileri,info@tilegal.com,2023-12-10 19:59:03,,,
https://www.ozkeser-sezgi.com/iletisim,info@ozkeser-sezgi.com,2023-12-10 19:59:07,,,
http://elifcaglatekin.com/,could not reach site,2023-12-10 19:59:17,,,
https://veneratilaw.com.tr/contact,info@veneratilaw.com.tr,2023-12-10 19:59:18,,,
https://www.kabinelaw.com/contact/,info@kabinelaw.com,2023-12-10 19:59:22,,,
https://www.senolsomran.com/en/contact/,info@senolsomran.com,2023-12-10 19:59:31,,,
https://www.bakircihukuk.com/,could not reach site,2023-12-10 19:59:33,,,
http://ozeravukatlikburosu.com/,could not reach site,2023-12-10 19:59:48,,,
http://www.khibratlegal.com/,could not reach site,2023-12-10 19:59:49,,,
http://www.liderpatent.com.tr/,info@liderpatent.com.tr,2023-12-18 18:23:15,www.liderpatent.com.tr,,
http://www.adrespatent.com.tr/,info@adrespatent.com,2023-12-18 18:23:18,www.adrespatent.com.tr,,
https://www.cerensumer.av.tr/,info@cerensumer.av.tr,2023-12-18 18:23:18,www.cerensumer.av.tr,,
http://avkocak.com/,av.oktaykocak@gmail.com,2023-12-18 18:23:20,avkocak.com,,
http://avkocak.com/,kelessengul34@gmail.com,2023-12-18 18:23:20,avkocak.com,,
https://www.heybetdeger.av.tr/,info@heybetdeger.av.tr,2023-12-18 18:23:24,www.heybetdeger.av.tr,,
https://karaavukatlikmalidanismanlik.com/,info@karaavukatlikmalidanismanlik.com,2023-12-18 18:23:25,karaavukatlikmalidanismanlik.com,,
http://www.yveshukuk.com/,info@yveshukuk.com,2023-12-18 18:23:25,www.yveshukuk.com,,
http://enestutkun.av.tr/,av.enestutkun@gmail.com,2023-12-18 18:23:26,enestutkun.av.tr,,
https://propertyinvest.com.tr/,hello@favethemes.com,2023-12-18 18:23:27,propertyinvest.com.tr,,
https://propertyinvest.com.tr/,info@propertyinvest.com.tr,2023-12-18 18:23:27,propertyinvest.com.tr,,
https://utkuarslan.av.tr/,av.utkuarslan@gmail.com,2023-12-18 18:23:27,utkuarslan.av.tr,,
https://www.alperensalihoglu.av.tr/,bilgi@alperensalihoglu.av.tr,2023-12-18 18:23:30,www.alperensalihoglu.av.tr,,
http://www.topaktashukuk.com/,emre@topaktashukuk.com,2023-12-18 18:23:33,www.topaktashukuk.com,,
http://www.turanozer.av.tr/,info@turanozer.av.tr,2023-12-18 18:23:33,www.turanozer.av.tr,,
http://www.turanozer.av.tr/,iletisim@silverturk.com.tr,2023-12-18 18:23:33,www.turanozer.av.tr,,
http://www.bbahukuk.com/,info@bbahukuk.com,2023-12-18 18:23:42,www.bbahukuk.com,,
http://mecogalan.av.tr/,info@mecogalan.av.tr,2023-12-18 18:23:44,mecogalan.av.tr,,
http://www.avalibeyaz.com/,alipolatbeyaz@gmail.com,2023-12-18 18:23:46,www.avalibeyaz.com,,
http://www.avalibeyaz.com/,eposta@avalibeyaz.com,2023-12-18 18:23:46,www.avalibeyaz.com,,
https://www.cukurovapatent.com/,info@cukurovapatent.com,2023-12-18 18:23:47,www.cukurovapatent.com,,
https://www.cukurovapatent.com/,adana@cukurovapatent.com,2023-12-18 18:23:47,www.cukurovapatent.com,,
http://buken.av.tr/,info@buken.av.tr,2023-12-18 18:23:48,buken.av.tr,,
http://www.kayalegal.com.tr/,info@kayalegal.com.tr,2023-12-18 18:23:50,www.kayalegal.com.tr,,
http://www.cemakyazi.com/,arenakyazi@gmail.com,2023-12-18 18:23:53,www.cemakyazi.com,,
http://www.cemakyazi.com/,avcemakyazi@gmail.com,2023-12-18 18:23:53,www.cemakyazi.com,,
https://www.studygo.com.tr/,info@studygo.com.tr,2023-12-18 18:23:55,www.studygo.com.tr,,
https://colakhukuk.business.site/,u003ecolakhukuk@gmail.com,2023-12-18 18:23:55,colakhukuk.business.site,,
https://colakhukuk.business.site/,colakhukuk@gmail.com,2023-12-18 18:23:55,colakhukuk.business.site,,
http://www.kaplanglobal.ca/,info@kaplanglobal.ca,2023-12-18 18:23:56,www.kaplanglobal.ca,,
http://www.barisertugrul.av.tr/,info@barisertugrul.av.tr,2023-12-18 18:23:59,www.barisertugrul.av.tr,,
https://www.ebruunsal.av.tr/iletisim/,av.ebru.unsal@gmail.com,2023-12-18 18:23:59,www.ebruunsal.av.tr,,
https://koksal.av.tr/,info@koksal.av.tr,2023-12-18 18:24:03,koksal.av.tr,,
http://www.esemosgb.com.tr/,bilgi@esemosgb.com.tr,2023-12-18 18:24:04,www.esemosgb.com.tr,,
https://www.cktlegal.com/,colak@cktavukatlik.com,2023-12-18 18:24:06,www.cktlegal.com,,
https://www.cktlegal.com/,geimren@cktavukatlik.com,2023-12-18 18:24:06,www.cktlegal.com,,
https://www.cktlegal.com/,iarslan@cktavukatlik.com,2023-12-18 18:24:06,www.cktlegal.com,,
https://www.cktlegal.com/,info@cktavukatlik.com,2023-12-18 18:24:06,www.cktlegal.com,,
https://www.cktlegal.com/,btabak@cktavukatlik.com,2023-12-18 18:24:06,www.cktlegal.com,,
https://www.cktlegal.com/,bcolak@cktavukatlik.com,2023-12-18 18:24:06,www.cktlegal.com,,
https://www.cktlegal.com/,lger@cktavukatlik.com,2023-12-18 18:24:06,www.cktlegal.com,,
https://www.cktlegal.com/,stekin@cktavukatlik.com,2023-12-18 18:24:06,www.cktlegal.com,,
https://www.cktlegal.com/,ukapicioglu@cktavukatlik.com,2023-12-18 18:24:06,www.cktlegal.com,,
http://www.erol.av.tr/,bilgi@erol.av.tr,2023-12-18 18:24:07,www.erol.av.tr,,
http://www.erol.av.tr/,ahmet.erol@hs02.kep.tr,2023-12-18 18:24:07,www.erol.av.tr,,
http://www.erdoganerdogan.av.tr/,bur-erdogan@hotmail.com,2023-12-18 18:24:09,www.erdoganerdogan.av.tr,,
http://www.unalhukukburosu.com.tr/,unal@unalhukukburosu.com.tr,2023-12-18 18:24:12,www.unalhukukburosu.com.tr,,
http://ozcanlarhukuk.com/,yonetim@ozcanlarhukuk.com,2023-12-18 18:24:16,ozcanlarhukuk.com,,
http://www.karcilegal.com/,info@karcilegal.com,2023-12-18 18:24:17,www.karcilegal.com,,
https://www.nesilteknoloji.com/contact/,teknik@nesilteknoloji.com,2023-12-18 18:24:17,www.nesilteknoloji.com,,
https://www.nesilteknoloji.com/contact/,muhasebe@nesilteknoloji.com,2023-12-18 18:24:17,www.nesilteknoloji.com,,
https://www.nesilteknoloji.com/contact/,satis@nesilteknoloji.com,2023-12-18 18:24:17,www.nesilteknoloji.com,,
https://www.nesilteknoloji.com/contact/,ik@nesilteknoloji.com,2023-12-18 18:24:17,www.nesilteknoloji.com,,
http://www.celenhukuk.com/,av.sabancelen@gmail.com,2023-12-18 18:24:21,www.celenhukuk.com,,
http://karacalihukuk.com/,info@karacalihukuk.com,2023-12-18 18:24:21,karacalihukuk.com,,
https://asilhukuk.com.tr/,info@asilhukuk.com.tr,2023-12-18 18:24:24,asilhukuk.com.tr,,
http://www.karasanomeroglu.com.tr/,bilgi@karasanomeroglu.com.tr,2023-12-18 18:24:25,www.karasanomeroglu.com.tr,,
http://www.kilichukukdanismanlik.com/,kilichukukdanismanlik@gmail.com,2023-12-18 18:24:26,www.kilichukukdanismanlik.com,,
http://www.yayhukuk.com/,info@yayhukuk.com,2023-12-18 18:24:27,www.yayhukuk.com,,
http://www.ertugpartners.com/,info@ertugpartners.com,2023-12-18 18:24:32,www.ertugpartners.com,,
http://www.bahargenc.av.tr/,mail@bahargenc.av.tr,2023-12-18 18:24:33,www.bahargenc.av.tr,,
http://www.muratoruc.av.tr/,info@muratoruc.av.tr,2023-12-18 18:24:35,www.muratoruc.av.tr,,
http://www.camlikhukuk.net/,camlikhukuk@hotmail.com,2023-12-18 18:24:39,www.camlikhukuk.net,,
http://buladi.av.tr/,info@buladi.av.tr,2023-12-18 18:24:41,buladi.av.tr,,
http://www.cetinerhukuk.org/,av.kadircetiner@hotmail.com,2023-12-18 18:24:42,www.cetinerhukuk.org,,
http://www.karakurthukuk.com/,avyunuskarakurt@gmail.com,2023-12-18 18:24:43,www.karakurthukuk.com,,
http://ctdanismanlik.com.tr/,info@ctdanismanlik.com.tr,2023-12-18 18:25:02,ctdanismanlik.com.tr,,
http://www.erdalkaya.av.tr/,av-erdalkaya@hotmail.com,2023-12-18 18:25:04,www.erdalkaya.av.tr,,
http://www.kahveciogluhukuk.com/,info@kahveciogluhukuk.com,2023-12-18 18:25:04,www.kahveciogluhukuk.com,,
http://enginhukuk.org/,mail@oscarmedya.com,2023-12-18 18:25:05,enginhukuk.org,,
http://www.acthukuk.com/,info@acthukuk.com,2023-12-18 18:25:05,www.acthukuk.com,,
http://www.emrealpay.av.tr/,emre@emrealpay.av.tr,2023-12-18 18:25:11,www.emrealpay.av.tr,,
http://www.emrealpay.av.tr/,info@emrealpay.av.tr,2023-12-18 18:25:11,www.emrealpay.av.tr,,
http://www.msbhukuk.com/,info@msbhukuk.com,2023-12-18 18:25:11,www.msbhukuk.com,,
https://sahinavukatlikortakligi.com/,sahinortaklik@gmail.com,2023-12-18 18:25:15,sahinavukatlikortakligi.com,,
http://www.stock.com.tr/,designs@stock.com.tr,2023-12-18 18:25:20,www.stock.com.tr,,
http://www.stock.com.tr/,stock@hs02.kep.tr,2023-12-18 18:25:20,www.stock.com.tr,,
http://www.stock.com.tr/,trademarks@stock.com.tr,2023-12-18 18:25:20,www.stock.com.tr,,
http://www.stock.com.tr/,patents@stock.com.tr,2023-12-18 18:25:20,www.stock.com.tr,,
http://www.efeogluhukuk.com/,leventefeoglu@efeogluhukuk.com,2023-12-18 18:25:20,www.efeogluhukuk.com,,
http://www.bilge-hukukburosu.com/,info@bilge-hukukburosu.com,2023-12-18 18:25:24,www.bilge-hukukburosu.com,,
https://nevzatercan.com/,av.nevzatercan@hotmail.com,2023-12-18 18:25:25,nevzatercan.com,,
https://celikhd.com/,luciano@latinotype.com,2023-12-18 18:25:31,celikhd.com,,
https://celikhd.com/,info@celikhd.com,2023-12-18 18:25:31,celikhd.com,,
http://www.akin.av.tr/,info@akin.av.tr,2023-12-18 18:25:33,www.akin.av.tr,,
http://www.yesilbaltacioglu.com/,avyesilhuseyin@gmail.com,2023-12-18 18:25:34,www.yesilbaltacioglu.com,,
https://ktandpartners.com/,info@ktandpartners.com,2023-12-18 18:25:36,ktandpartners.com,,
https://mullak.net/,info@mullak.net,2023-12-18 18:25:41,mullak.net,,
http://www.trust-consultant.com.tr/,info@trust-consultant.com.tr,2023-12-18 18:25:44,www.trust-consultant.com.tr,,
http://www.pekcanbilge.com/,info@pekcanbilge.com,2023-12-18 18:25:52,www.pekcanbilge.com,,
http://www.skaratas.av.tr/,info@skaratas.av.tr,2023-12-18 18:25:56,www.skaratas.av.tr,,
https://arslanlaw.com/,contact@arslanlaw.com,2023-12-18 18:25:57,arslanlaw.com,,
http://www.populerymm.com/,info@populerymm.com,2023-12-18 18:26:00,www.populerymm.com,,
http://www.bilge-hukuk.com.tr/,info@bilge-hukuk.com.tr,2023-12-18 18:26:02,www.bilge-hukuk.com.tr,,
http://www.mesosgb.com/,bilgi@mesosgb.com,2023-12-18 18:26:08,www.mesosgb.com,,
http://www.kadayifcihukuk.com/,info@kadayifcihukuk.com,2023-12-18 18:26:19,www.kadayifcihukuk.com,,
https://www.letahukuk.com/,info@letahukuk.com,2023-12-18 18:26:21,www.letahukuk.com,,
https://www.ogreten.av.tr/,alideniz@ogreten.av.tr,2023-12-18 18:26:22,www.ogreten.av.tr,,
https://www.ogreten.av.tr/,info@ogreten.av.tr,2023-12-18 18:26:22,www.ogreten.av.tr,,
https://www.onelhukuk.com/,ermanonel@onelhukuk.com,2023-12-18 18:26:24,www.onelhukuk.com,,
https://www.onelhukuk.com/,info@onelhukuk.com,2023-12-18 18:26:24,www.onelhukuk.com,,
http://legalhukuk.org/,info@legalhukuk.org,2023-12-18 18:26:26,legalhukuk.org,,
http://www.yuksellaw.com.tr/,gokhan@yuksellaw.com.tr,2023-12-18 18:26:29,www.yuksellaw.com.tr,,
http://www.yuksellaw.com.tr/,cansu@yuksellaw.com.tr,2023-12-18 18:26:29,www.yuksellaw.com.tr,,
http://www.yuksellaw.com.tr/,info@yuksellaw.com.tr,2023-12-18 18:26:29,www.yuksellaw.com.tr,,
http://atiktarakcihukuk.com/,info@atiktarakcihukuk.com,2023-12-18 18:26:32,atiktarakcihukuk.com,,
http://www.tunaozkanecertas.com/,info@tunaozkanecertas.com,2023-12-18 18:26:34,www.tunaozkanecertas.com,,
http://ilikayhukuk.com/,murat@ilikayhukuk.com,2023-12-18 18:26:38,ilikayhukuk.com,,
http://www.demiralhukuk.com/,info@demiralhukuk.com,2023-12-18 18:26:40,www.demiralhukuk.com,,
http://ynmdenetim.com/,destek@natro.com,2023-12-18 18:26:43,ynmdenetim.com,,
https://polatsevimhukuk.com/,info@polatsevimhukuk.com,2023-12-18 18:26:45,polatsevimhukuk.com,,
https://analitiklegal.com/,info@analitiklegal.com,2023-12-18 18:26:51,analitiklegal.com,,
http://paldimoglu.av.tr/,info@paldimoglu.av.tr,2023-12-18 18:26:54,paldimoglu.av.tr,,
http://aalawconsultancy.com/,info@aalawconsultancy.com,2023-12-18 18:26:55,aalawconsultancy.com,,
http://www.eroglucakiroglu.av.tr/,info@eroglucakiroglu.av.tr,2023-12-18 18:26:55,www.eroglucakiroglu.av.tr,,
http://zafarweb.com/,zafarweb.com@gmail.com,2023-12-18 18:26:57,zafarweb.com,,
http://www.merveeryilmaz.av.tr/,info@merveeryilmaz.av.tr,2023-12-18 18:26:57,www.merveeryilmaz.av.tr,,
http://uravukatlik.com/,info@uravukatlik.com,2023-12-18 18:27:00,uravukatlik.com,,
http://www.tangalogluhukuk.com/,info@tangalogluhukuk.com,2023-12-18 18:27:05,www.tangalogluhukuk.com,,
http://www.igklaw.com/,info@igklaw.com,2023-12-18 18:27:05,www.igklaw.com,,
http://www.nurpatent.com.tr/,info@nurpatent.com.tr,2023-12-18 18:27:06,www.nurpatent.com.tr,,
http://davatazminat.com/,ud@davatazminat.com,2023-12-18 18:27:09,davatazminat.com,,
http://www.setylaw.com/,info@onarim.com.tr,2023-12-18 18:27:10,www.setylaw.com,,
http://www.setylaw.com/,info@setylaw.com,2023-12-18 18:27:10,www.setylaw.com,,
http://www.gurel-ozyilmaz.com/,info@gurel-ozyilmaz.com,2023-12-18 18:27:11,www.gurel-ozyilmaz.com,,
http://www.ozyildizhukuk.com/iletisim,info@ozyildizhukuk.com,2023-12-18 18:27:12,www.ozyildizhukuk.com,,
http://www.ozyildizhukuk.com/iletisim,cemmyildiz@gmail.com,2023-12-18 18:27:12,www.ozyildizhukuk.com,,
http://www.ozyildizhukuk.com/iletisim,avukatfetiyeoz@gmail.com,2023-12-18 18:27:12,www.ozyildizhukuk.com,,
http://www.firathukukdanismanlik.com/,info@firathukukdanismanlik.com,2023-12-18 18:27:13,www.firathukukdanismanlik.com,,
http://galamusavirlik.com/,info@galamusavirlik.com,2023-12-18 18:27:18,galamusavirlik.com,,
https://www.kaselhukuk.com/,info@kaselhukuk.com,2023-12-18 18:27:24,www.kaselhukuk.com,,
http://www.aykutgoksel.av.tr/,info@aykutgoksel.av.tr,2023-12-18 18:27:26,www.aykutgoksel.av.tr,,
http://karadenizli.av.tr/,info@karadenizli.av.tr,2023-12-18 18:27:32,karadenizli.av.tr,,
http://www.ozbekozbek.av.tr/,info@ozbekozbek.av.tr,2023-12-18 18:27:34,www.ozbekozbek.av.tr,,
http://basoglubulbul.com/,info@basoglubulbul.com,2023-12-18 18:27:36,basoglubulbul.com,,
http://siyahukuk.com/,info@siyahukuk.com,2023-12-18 18:27:41,siyahukuk.com,,
http://msahukuk.com.tr/,info@msahukuk.com.tr,2023-12-18 18:27:42,msahukuk.com.tr,,
http://www.tazminatdanismani.com/,info@tazminatdanismani.com,2023-12-18 18:27:43,www.tazminatdanismani.com,,
http://sarisarihukuk.com/,miraz@sarisarihukuk.com,2023-12-18 18:27:44,sarisarihukuk.com,,
http://sarisarihukuk.com/,info@sarisarihukuk.com,2023-12-18 18:27:44,sarisarihukuk.com,,
http://sarikarahukuk.com/,info@sarikarahukuk.com,2023-12-18 18:27:44,sarikarahukuk.com,,
https://sbshukuk.com/,info@sbshukuk.com,2023-12-18 18:27:47,sbshukuk.com,,
http://canlegalpartner.com/,info@canlegalpartner.com,2023-12-18 18:27:48,canlegalpartner.com,,
http://tasinmazdavalari.com/,av.zeynepaydintarakci@gmail.com,2023-12-18 18:27:50,tasinmazdavalari.com,,
https://www.asiyanhukuk.com/,info@asiyanhukuk.com,2023-12-18 18:27:50,www.asiyanhukuk.com,,
http://www.ozcehukuk.com/iletisim-2/,info@ozcehukuk.com,2023-12-18 18:27:51,www.ozcehukuk.com,,
http://www.keskin-keskin.av.tr/,contact@keskin-keskin.av.tr,2023-12-18 18:27:53,www.keskin-keskin.av.tr,,
http://www.kemalguner.com/,sm@kemalguner.com,2023-12-18 18:27:53,www.kemalguner.com,,
https://ndthukuk.com/,amkryukov@gmail.com,2023-12-18 18:27:54,ndthukuk.com,,
https://ndthukuk.com/,agustinamingote@gmail.com,2023-12-18 18:27:54,ndthukuk.com,,
http://www.tomurcuk.av.tr/,ttomurcuk@tomurcuk.av.tr,2023-12-18 18:27:56,www.tomurcuk.av.tr,,
http://gkhukukhatay.com/,info@gkhukukhatay.com,2023-12-18 18:27:56,gkhukukhatay.com,,
http://sezenmergen.com/,iletisim@sezenmergen.com,2023-12-18 18:27:56,sezenmergen.com,,
http://sezenmergen.com/,impallari@gmail.com,2023-12-18 18:27:56,sezenmergen.com,,
http://sezenmergen.com/,hello@rfuenzalida.com,2023-12-18 18:27:56,sezenmergen.com,,
http://sezenmergen.com/,matt@pixelspread.com,2023-12-18 18:27:56,sezenmergen.com,,
http://www.andic.partners/,office@andic.partners,2023-12-18 18:28:02,www.andic.partners,,
http://www.andic.partners/,eren.aykut@andic.partners,2023-12-18 18:28:02,www.andic.partners,,
http://www.andic.partners/,info@andiceris.com,2023-12-18 18:28:02,www.andic.partners,,
http://www.andic.partners/,aysegul.andic@andic.partners,2023-12-18 18:28:02,www.andic.partners,,
http://www.goktas.av.tr/contact/,info@goktas.av.tr,2023-12-18 18:28:05,www.goktas.av.tr,,
http://www.koralhukuk.com/,info@koralhukuk.com,2023-12-18 18:28:07,www.koralhukuk.com,,
http://kucuklerhukuk.com/,kucuklerhukuk@gmail.com,2023-12-18 18:28:08,kucuklerhukuk.com,,
https://zehraaslan.av.tr/,info@zehraaslan.av.tr,2023-12-18 18:28:09,zehraaslan.av.tr,,
http://www.seleklaw.com/,selek@seleklaw.com,2023-12-18 18:28:13,www.seleklaw.com,,
http://www.seleklaw.com/,poroy@seleklaw.com,2023-12-18 18:28:13,www.seleklaw.com,,
http://www.seleklaw.com/,burakboy@seleklaw.com,2023-12-18 18:28:13,www.seleklaw.com,,
http://www.seleklaw.com/,info@seleklaw.com,2023-12-18 18:28:13,www.seleklaw.com,,
http://www.seleklaw.com/,alp@seleklaw.com,2023-12-18 18:28:13,www.seleklaw.com,,
http://www.seleklaw.com/,evren@seleklaw.com,2023-12-18 18:28:13,www.seleklaw.com,,
http://mghhukuk.com/,info@mghhukukburosu.com,2023-12-18 18:28:19,mghhukuk.com,,
http://www.bircanoglu.com/,info@bircanoglu.av.tr,2023-12-18 18:28:20,www.bircanoglu.com,,
http://www.ragylaw.com/index.php%3Fpage%3D86,info@admdlaw.com,2023-12-18 18:28:22,www.ragylaw.com,,
http://www.gunaylegal.com/,info@gunaylegal.com,2023-12-18 18:28:26,www.gunaylegal.com,,
https://araslaw.com/,info@araslaw.com,2023-12-18 18:28:27,araslaw.com,,
http://www.bsb-legal.com/contact/,info@bsb-legal.com,2023-12-18 18:28:35,www.bsb-legal.com,,
https://www.kocattorneys.com/contact,info@kocattorneys.com,2023-12-18 18:28:36,www.kocattorneys.com,,
https://lbhukuk.com/,info@lbhukuk.com,2023-12-18 18:28:38,lbhukuk.com,,
https://ozerhukuk.av.tr/,info@ozerhukuk.av.tr,2023-12-18 18:28:46,ozerhukuk.av.tr,,
http://unlukuruselek.com/,nsnlaw@nsn-law.com,2023-12-18 18:28:56,unlukuruselek.com,,
http://aydemirlaw.com/,contact@aydemirlaw.com,2023-12-18 18:28:56,aydemirlaw.com,,
